Date,Time,Server,Service,Message,User,IP,Port,Protocol
29-Apr,14:12:02,webserver01,sshd[22]:,Accepted password for,user1,192.168.1.100,1234,ssh
29-Apr,14:12:09,webserver01,sshd[22]:,Accepted password for,user2,192.168.1.101,2345,ssh
29-Apr,14:13:15,webserver01,sshd[22]:,Failed password for,root,1.2.3.4,5678,ssh
29-Apr,14:13:21,webserver01,sshd[22]:,Failed password for,root,192.168.1.102,3456,ssh
29-Apr,14:14:03,webserver01,sshd[22]:,Failed password for,root,1.3.3.7,4321,ssh
29-Apr,14:14:05,webserver01,sshd[22]:,Failed password for,root,1.3.3.7,4321,ssh
29-Apr,14:14:08,webserver01,sshd[22]:,Failed password for,root,1.3.3.7,4321,ssh
29-Apr,14:14:11,webserver01,sshd[22]:,Failed password for,root,1.3.3.7,4321,ssh
29-Apr,14:14:14,webserver01,sshd[22]:,Failed password for,root,1.3.3.7,4321,ssh
29-Apr,14:14:17,webserver01,sshd[22]:,Failed password for,root,1.3.3.7,4321,ssh
29-Apr,14:14:20,webserver01,sshd[22]:,Failed password for,root,1.3.3.7,4321,ssh
29-Apr,14:14:23,webserver01,sshd[22]:,Failed password for,root,1.3.3.7,4321,ssh
29-Apr,14:14:26,webserver01,sshd[22]:,Failed password for,root,1.3.3.7,4321,ssh
29-Apr,14:14:29,webserver01,sshd[22]:,Failed password for,root,1.3.3.7,4321,ssh
29-Apr,14:15:03,webserver01,sshd[22]:,Failed password for,root,192.168.1.104,6789,ssh
29-Apr,14:15:10,webserver01,sshd[22]:,Accepted password for,user4,192.168.1.105,7890,ssh
29-Apr,14:15:17,webserver01,sshd[22]:,Failed password for,root,192.168.1.106,9876,ssh
29-Apr,14:12:02,webserver01,sshd[22]:,Accepted password for,user1,192.168.1.100,1234,ssh
29-Apr,14:12:09,webserver01,sshd[22]:,Accepted password for,user2,192.168.1.101,2345,ssh
29-Apr,14:13:15,webserver01,sshd[22]:,Failed password for,root,2.3.4.5,5678,ssh
29-Apr,14:13:21,webserver01,sshd[22]:,Failed password for,root,5.4.3.2,3456,ssh
29-Apr,14:14:03,webserver01,sshd[22]:,Failed password for,root,1.3.3.7,4321,ssh
29-Apr,14:14:05,webserver01,sshd[22]:,Failed password for,root,1.3.3.7,4321,ssh
29-Apr,14:14:08,webserver01,sshd[22]:,Failed password for,root,1.3.3.7,4321,ssh
29-Apr,14:14:11,webserver01,sshd[22]:,Failed password for,root,1.3.3.7,4321,ssh
29-Apr,14:14:14,webserver01,sshd[22]:,Failed password for,root,1.3.3.7,4321,ssh
29-Apr,14:14:17,webserver01,sshd[22]:,Failed password for,root,1.3.3.7,4321,ssh
29-Apr,14:14:20,webserver01,sshd[22]:,Failed password for,root,1.3.3.7,4321,ssh
29-Apr,14:14:23,webserver01,sshd[22]:,Failed password for,root,1.3.3.7,4321,ssh
29-Apr,14:14:26,webserver01,sshd[22]:,Failed password for,root,1.3.3.7,4321,ssh
29-Apr,14:14:29,webserver01,sshd[22]:,Failed password for,root,1.3.3.7,4321,ssh
29-Apr,14:15:03,webserver01,sshd[22]:,Failed password for,root,3.4.5.6,6789,ssh
29-Apr,14:15:10,webserver01,sshd[22]:,Accepted password for,user4,12.34.56.78,7890,ssh
29-Apr,14:15:17,webserver01,sshd[22]:,Failed password for,root,7.8.9.10,9876,ssh
29-Apr,14:16:21,webserver01,sshd[22]:,Failed password for,root,1.3.3.7,4321,ssh
29-Apr,14:16:24,webserver01,sshd[22]:,Failed password for,root,1.3.3.7,4321,ssh
29-Apr,14:16:28,webserver01,sshd[22]:,Failed password for,root,1.3.3.7,4321,ssh
29-Apr,14:16:31,webserver01,sshd[22]:,Failed password for,root,1.3.3.7,4321,ssh
29-Apr,14:16:34,webserver01,sshd[22]:,Failed password for,root,1.3.3.7,4321,ssh
29-Apr,14:16:37,webserver01,sshd[22]:,Failed password for,root,1.3.3.7,4321,ssh
29-Apr,14:16:40,webserver01,sshd[22]:,Failed password for,root,1.3.3.7,4321,ssh
29-Apr,14:16:43,webserver01,sshd[22]:,Failed password for,root,1.3.3.7,4321,ssh
29-Apr,14:16:46,webserver01,sshd[22]:,Failed password for,root,1.3.3.7,4321,ssh
29-Apr,14:16:49,webserver01,sshd[22]:,Failed password for,root,1.3.3.7,4321,ssh
29-Apr,14:18:02,webserver01,sshd[22]:,Failed password for,user1,15.16.17.18,1234,ssh
29-Apr,14:18:05,webserver01,sshd[22]:,Failed password for,user1,15.16.17.18,1234,ssh
29-Apr,14:18:08,webserver01,sshd[22]:,Failed password for,user1,15.16.17.18,1234,ssh
29-Apr,14:18:11,webserver01,sshd[22]:,Failed password for,user1,15.16.17.18,1234,ssh
29-Apr,14:18:14,webserver01,sshd[22]:,Failed password for,user1,15.16.17.18,1234,ssh
29-Apr,14:18:17,webserver01,sshd[22]:,Failed password for,user1,15.16.17.18,1234,ssh
29-Apr,14:18:20,webserver01,sshd[22]:,Failed password for,user1,15.16.17.18,1234,ssh
29-Apr,14:18:23,webserver01,sshd[22]:,Failed password for,user1,15.16.17.18,1234,ssh
29-Apr,14:18:26,webserver01,sshd[22]:,Failed password for,user1,15.16.17.18,1234,ssh
29-Apr,14:19:03,webserver01,sshd[22]:,Failed password for,root,192.168.1.104,6789,ssh
29-Apr,14:19:10,webserver01,sshd[22]:,Accepted password for,user6,30.40.50.60,2345,ssh
29-Apr,14:19:17,webserver01,sshd[22]:,Failed password for,root,7.8.9.10,9876,ssh
29-Apr,14:20:02,webserver01,sshd[22]:,Failed password for,root,10.11.12.13,2345,ssh
29-Apr,14:20:09,webserver01,sshd[22]:,Accepted password for,user8,50.60.70.80,4567,ssh
29-Apr,14:20:16,webserver01,sshd[22]:,Failed password for,root,7.8.9.10,9876,ssh
29-Apr,14:21:02,webserver01,sshd[22]:,Failed password for,root,1.3.3.7,4321,ssh
29-Apr,14:21:05,webserver01,sshd[22]:,Failed password for,root,1.3.3.7,4321,ssh
29-Apr,14:21:08,webserver01,sshd[22]:,Failed password for,root,1.3.3.7,4321,ssh
29-Apr,14:21:11,webserver01,sshd[22]:,Failed password for,root,1.3.3.7,4321,ssh
29-Apr,14:21:14,webserver01,sshd[22]:,Failed password for,root,1.3.3.7,4321,ssh
29-Apr,14:21:17,webserver01,sshd[22]:,Failed password for,root,1.3.3.7,4321,ssh
29-Apr,14:21:20,webserver01,sshd[22]:,Failed password for,root,1.3.3.7,4321,ssh
29-Apr,14:21:23,webserver01,sshd[22]:,Failed password for,root,1.3.3.7,4321,ssh
29-Apr,14:22:01,webserver01,sshd[22]:,Accepted password for,user10,70.80.90.100,3456,ssh
29-Apr,14:23:10,webserver01,sshd[22]:,Failed password for,root,192.168.1.107,1234,ssh
29-Apr,14:24:01,webserver01,sshd[22]:,Accepted password for,user11,80.90.100.110,4567,ssh
29-Apr,14:26:01,webserver01,sshd[22]:,Accepted password for,user12,90.100.110.120,5678,ssh
29-Apr,14:28:01,webserver01,sshd[22]:,Accepted password for,user13,100.110.120.130,6789,ssh
29-Apr,14:30:01,webserver01,sshd[22]:,Accepted password for,user14,110.120.130.140,5432,ssh
29-Apr,14:32:01,webserver01,sshd[22]:,Accepted password for,user15,120.130.140.150,2345,ssh
29-Apr,14:34:01,webserver01,sshd[22]:,Accepted password for,user16,130.140.150.160,3456,ssh
29-Apr,14:36:01,webserver01,sshd[22]:,Accepted password for,user17,140.150.160.170,4567,ssh
29-Apr,14:38:01,webserver01,sshd[22]:,Accepted password for,user18,150.160.170.180,2345,ssh
29-Apr,14:40:01,webserver01,sshd[22]:,Accepted password for,user19,160.170.180.190,4567,ssh
29-Apr,14:42:01,webserver01,sshd[22]:,Accepted password for,user20,170.180.190.200,6789,ssh
29-Apr,14:44:01,webserver01,sshd[22]:,Accepted password for,user21,180.190.200.210,2345,ssh
29-Apr,14:46:01,webserver01,sshd[22]:,Accepted password for,user22,190.200.210.220,4567,ssh
29-Apr,14:48:01,webserver01,sshd[22]:,Accepted password for,user23,200.210.220.230,6789,ssh
29-Apr,14:50:01,webserver01,sshd[22]:,Accepted password for,user24,210.220.230.240,2345,ssh
29-Apr,14:52:01,webserver01,sshd[22]:,Accepted password for,user25,220.230.240.250,4567,ssh
29-Apr,14:54:01,webserver01,sshd[22]:,Accepted password for,user26,230.240.250.1,6789,ssh
29-Apr,14:56:01,webserver01,sshd[22]:,Accepted password for,user27,240.250.1.2,2345,ssh
29-Apr,14:58:01,webserver01,sshd[22]:,Accepted password for,user28,250.1.2.3,4567,ssh
29-Apr,15:00:01,webserver01,sshd[22]:,Accepted password for,user29,1.2.3.4,6789,ssh
29-Apr,15:02:01,webserver01,sshd[22]:,Accepted password for,user30,2.3.4.5,2345,ssh
29-Apr,15:04:01,webserver01,sshd[22]:,Accepted password for,user31,5.4.3.2,4567,ssh
29-Apr,15:06:01,webserver01,sshd[22]:,Accepted password for,user32,6.5.4.3,6789,ssh
29-Apr,15:08:01,webserver01,sshd[22]:,Accepted password for,user33,7.6.5.4,3456,ssh
29-Apr,15:10:01,webserver01,sshd[22]:,Accepted password for,user34,8.7.6.5,4567,ssh
29-Apr,15:12:01,webserver01,sshd[22]:,Accepted password for,user35,9.8.7.6,2345,ssh
29-Apr,15:14:01,webserver01,sshd[22]:,Accepted password for,user36,10.9.8.7,6789,ssh
29-Apr,15:16:01,webserver01,sshd[22]:,Accepted password for,user37,11.10.9.8,2345,ssh
29-Apr,15:18:01,webserver01,sshd[22]:,Accepted password for,user38,12.11.10.9,4567,ssh
29-Apr,15:20:01,webserver01,sshd[22]:,Accepted password for,user39,13.12.11.10,6789,ssh
